time_period_end,rainfall_mm,rainfall_N4583_mm,rainfall_N4673_mm,rainfall_N4523_mm,rainfall_N4763_mm,rainfall_N4573_mm,rainfall_N4603_mm,rainfall_N4723_mm,rainfall_N4593_mm,rainfall_N4683_mm,rainfall_N4553_mm,rainfall_N4753_mm,rainfall_N4653_mm
2026/7/1 1:00,0,0,0,0,0,0,0,0,0,0,0,0,0
2026/7/1 2:00,0,0,0,0,0,0,0,0,0,0,0,0,0
2026/7/1 3:00,0,0,0,0,0,0,0,0,0,0,0,0,0
2026/7/1 4:00,0,0,0,0,0,0,0,0,0,0,0,0,0
2026/7/1 5:00,0,0,0,0,0,0,0,0,0,0,0,0,0
2026/7/1 6:00,0,0,0,0,0,0,0,0,0,0,0,0,0
2026/7/1 7:00,0,0,0,0,0,0,0,0,0,0,0,0,0
2026/7/1 8:00,0,0,0,0,0,0,0,0,0,0,0,0,0
2026/7/1 9:00,0,0,0,0,0,0,0,0,0,0,0,0,0
2026/7/1 10:00,0,0,0,0,0,0,0,0,0,0,0,0,0
2026/7/1 11:00,0,0,0,0,0,0,0,0,0,0,0,0,0
2026/7/1 12:00,0,0,0,0,0,0,0,0,0,0,0,0,0
2026/7/1 13:00,0,0,0,0,0,0,0,0,0,0,0,0,0
2026/7/1 14:00,0,0,0,0,0,0,0,0,0,0,0,0,0
2026/7/1 15:00,0,0,0,0,0,0,0,0,0,0,0,0,0
2026/7/1 16:00,0,0,0,0,0,0,0,0,0,0,0,0,0
2026/7/1 17:00,0,0,0,0,0,0,0,0,0,0,0,0,0
2026/7/1 18:00,0,0,0,0,0,0,0,0,0,0,0,0,0
2026/7/1 19:00,0,0,0,0,0,0,0,0,0,0,0,0,0
2026/7/1 20:00,0,0,0,0,0,0,0,0,0,0,0,0,0
2026/7/1 21:00,0,0,0,0,0,0,0,0,0,0,0,0,0
2026/7/1 22:00,0,0,0,0,0,0,0,0,0,0,0,0,0
2026/7/1 23:00,0,0,0,0,0,0,0,0,0,0,0,0,0
2026/7/2 0:00,0,0,0,0,0,0,0,0,0,0,0,0,0
2026/7/2 1:00,0,0,0,0,0,0,0,0,0,0,0,0,0
2026/7/2 2:00,0,0,0,0,0,0,0,0,0,0,0,0,0
2026/7/2 3:00,0,0,0,0,0,0,0,0,0,0,0,0,0
2026/7/2 4:00,0,0,0,0,0,0,0,0,0,0,0,0,0
2026/7/2 5:00,0,0,0,0,0,0,0,0,0,0,0,0,0
2026/7/2 6:00,0,0,0,0,0,0,0,0,0,0,0,0,0
2026/7/2 7:00,0,0,0,0,0,0,0,0,0,0,0,0,0
2026/7/2 8:00,0,0,0,0,0,0,0,0,0,0,0,0,0
2026/7/2 9:00,0,0,0,0,0,0,0,0,0,0,0,0,0
2026/7/2 10:00,0,0,0,0,0,0,0,0,0,0,0,0,0
2026/7/2 11:00,0,0,0,0,0,0,0,0,0,0,0,0,0
2026/7/2 12:00,0,0,0,0,0,0,0,0,0,0,0,0,0
2026/7/2 13:00,0,0,0,0,0,0,0,0,0,0,0,0,0
2026/7/2 14:00,0,0,0,0,0,0,0,0,0,0,0,0,0
2026/7/2 15:00,0,0,0,0,0,0,0,0,0,0,0,0,0
2026/7/2 16:00,0,0,0,0,0,0,0,0,0,0,0,0,0
2026/7/2 17:00,0,0,0,0,0,0,0,0,0,0,0,0,0
2026/7/2 18:00,0,0,0,0,0,0,0,0,0,0,0,0,0
2026/7/2 19:00,0,0,0,0,0,0,0,0,0,0,0,0,0
2026/7/2 20:00,0,0,0,0,0,0,0,0,0,0,0,0,0
2026/7/2 21:00,0,0,0,0,0,0,0,0,0,0,0,0,0
2026/7/2 22:00,0,0,0,0,0,0,0,0,0,0,0,0,0
2026/7/2 23:00,0,0,0,0,0,0,0,0,0,0,0,0,0
2026/7/3 0:00,0,0,0,0,0,0,0,0,0,0,0,0,0
2026/7/3 1:00,0,0,0,0,0,0,0,0,0,0,0,0,0
2026/7/3 2:00,0,0,0,0,0,0,0,0,0,0,0,0,0
2026/7/3 3:00,0,0,0,0,0,0,0,0,0,0,0,0,0
2026/7/3 4:00,0,0,0,0,0,0,0,0,0,0,0,0,0
2026/7/3 5:00,0,0,0,0,0,0,0,0,0,0,0,0,0
2026/7/3 6:00,0,0,0,0,0,0,0,0,0,0,0,0,0
2026/7/3 7:00,0,0,0,0,0,0,0,0,0,0,0,0,0
2026/7/3 8:00,0,0,0,0,0,0,0,0,0,0,0,0,0
2026/7/3 9:00,0,0,0,0,0,0,0,0,0,0,0,0,0
2026/7/3 10:00,0,0,0,0,0,0,0,0,0,0,0,0,0
2026/7/3 11:00,0,0,0,0,0,0,0,0,0,0,0,0,0
2026/7/3 12:00,0,0,0,0,0,0,0,0,0,0,0,0,0
2026/7/3 13:00,0,0,0,0,0,0,0,0,0,0,0,0,0
2026/7/3 14:00,0,0,0,0,0,0,0,0,0,0,0,0,0
2026/7/3 15:00,0,0,0,0,0,0,0,0,0,0,0,0,0
2026/7/3 16:00,0,0,0,0,0,0,0,0,0,0,0,0,0
2026/7/3 17:00,0,0,0,0,0,0,0,0,0,0,0,0,0
2026/7/3 18:00,0,0,0,0,0,0,0,0,0,0,0,0,0
2026/7/3 19:00,0,0,0,0,0,0,0,0,0,0,0,0,0
2026/7/3 20:00,0,0,0,0,0,0,0,0,0,0,0,0,0
2026/7/3 21:00,0,0,0,0,0,0,0,0,0,0,0,0,0
2026/7/3 22:00,0,0,0,0,0,0,0,0,0,0,0,0,0
2026/7/3 23:00,0,0,0,0,0,0,0,0,0,0,0,0,0
2026/7/4 0:00,0,0,0,0,0,0,0,0,0,0,0,0,0
2026/7/4 1:00,0.037,0.045,0.049,0.051,0.044,0.03,0.031,0.03,0.032,0.03,0.029,0.04,0.033
2026/7/4 2:00,0.244,0.287,0.32,0.33,0.287,0.2,0.209,0.203,0.209,0.201,0.192,0.269,0.221
2026/7/4 3:00,1.238,1.419,1.606,1.673,1.456,1.014,1.069,1.044,1.065,1.023,0.975,1.381,1.131
2026/7/4 4:00,4.895,5.297,5.882,6.118,5.506,4.264,4.449,4.393,4.413,4.293,4.157,5.349,4.619
2026/7/4 5:00,15.079,15.972,17.947,18.849,16.954,13.149,13.801,13.668,13.608,13.232,12.809,16.638,14.321
2026/7/4 6:00,36.177,37.116,40.827,42.689,39.409,32.887,34.136,33.967,33.646,32.991,32.255,39.158,35.043
2026/7/4 7:00,67.605,68.227,75.716,79.775,73.648,61.57,64.1,63.882,62.868,61.645,60.26,73.731,65.838
2026/7/4 8:00,98.428,97.694,109.386,116.146,107.252,89.85,93.763,93.568,91.484,89.724,87.699,108.172,96.398
2026/7/4 9:00,111.737,109.065,123.209,131.851,121.81,102.281,106.921,106.812,103.764,101.809,99.506,123.742,110.074
2026/7/4 10:00,99.18,95.213,108.511,117.033,108.192,91.071,95.309,95.289,91.991,90.316,88.273,110.672,98.29
2026/7/4 11:00,69.551,65.684,75.507,82.07,75.934,64.085,67.1,67.125,64.411,63.295,61.868,78.189,69.344
2026/7/4 12:00,40.16,37.325,43.269,47.388,43.89,37.14,38.884,38.912,37.125,36.525,35.706,45.474,40.282
2026/7/4 13:00,22.164,20.284,23.703,26.152,24.251,20.577,21.528,21.547,20.448,20.147,19.698,25.27,22.363
2026/7/4 14:00,15.969,13.789,17.341,19.961,18.088,14.462,15.392,15.41,14.206,13.942,13.498,19.243,16.296
2026/7/4 15:00,16.471,13.936,17.721,20.587,18.692,15.001,15.927,15.94,14.604,14.375,13.923,20.01,16.936
2026/7/4 16:00,18.689,15.511,19.931,23.362,21.25,17.116,18.117,18.124,16.513,16.31,15.806,22.874,19.354
2026/7/4 17:00,19.697,16.057,20.833,24.623,22.442,18.137,19.129,19.123,17.343,17.196,16.675,24.273,20.533
2026/7/4 18:00,18.45,14.794,19.365,23.063,21.065,17.076,17.939,17.919,16.189,16.122,15.643,22.876,19.349
2026/7/4 19:00,15.234,12.033,15.877,19.043,17.429,14.168,14.819,14.788,13.322,13.33,12.944,18.991,16.064
2026/7/4 20:00,11.074,8.654,11.463,13.815,12.679,10.352,10.773,10.74,9.668,9.723,9.452,13.842,11.727
2026/7/4 21:00,7.086,5.503,7.288,8.805,8.109,6.658,6.892,6.864,6.187,6.255,6.089,8.856,7.526
2026/7/4 22:00,3.992,3.084,4.083,4.945,4.567,3.767,3.879,3.859,3.485,3.542,3.453,4.99,4.25
2026/7/4 23:00,1.979,1.338,2.029,2.632,2.379,1.832,1.896,1.88,1.627,1.68,1.621,2.671,2.163
2026/7/5 0:00,0.864,0.58,0.881,1.146,1.039,0.803,0.825,0.817,0.71,0.74,0.715,1.166,0.946
2026/7/5 1:00,0,0,0,0,0,0,0,0,0,0,0,0,0
2026/7/5 2:00,0,0,0,0,0,0,0,0,0,0,0,0,0
2026/7/5 3:00,0,0,0,0,0,0,0,0,0,0,0,0,0
2026/7/5 4:00,0,0,0,0,0,0,0,0,0,0,0,0,0
2026/7/5 5:00,0,0,0,0,0,0,0,0,0,0,0,0,0
2026/7/5 6:00,0,0,0,0,0,0,0,0,0,0,0,0,0
2026/7/5 7:00,0,0,0,0,0,0,0,0,0,0,0,0,0
2026/7/5 8:00,0,0,0,0,0,0,0,0,0,0,0,0,0
2026/7/5 9:00,0,0,0,0,0,0,0,0,0,0,0,0,0
2026/7/5 10:00,0,0,0,0,0,0,0,0,0,0,0,0,0
2026/7/5 11:00,0,0,0,0,0,0,0,0,0,0,0,0,0
2026/7/5 12:00,0,0,0,0,0,0,0,0,0,0,0,0,0
2026/7/5 13:00,0,0,0,0,0,0,0,0,0,0,0,0,0
2026/7/5 14:00,0,0,0,0,0,0,0,0,0,0,0,0,0
2026/7/5 15:00,0,0,0,0,0,0,0,0,0,0,0,0,0
2026/7/5 16:00,0,0,0,0,0,0,0,0,0,0,0,0,0
2026/7/5 17:00,0,0,0,0,0,0,0,0,0,0,0,0,0
2026/7/5 18:00,0,0,0,0,0,0,0,0,0,0,0,0,0
2026/7/5 19:00,0,0,0,0,0,0,0,0,0,0,0,0,0
2026/7/5 20:00,0,0,0,0,0,0,0,0,0,0,0,0,0
2026/7/5 21:00,0,0,0,0,0,0,0,0,0,0,0,0,0
2026/7/5 22:00,0,0,0,0,0,0,0,0,0,0,0,0,0
2026/7/5 23:00,0,0,0,0,0,0,0,0,0,0,0,0,0
2026/7/6 0:00,0,0,0,0,0,0,0,0,0,0,0,0,0
