time_period_end,interval1_rainfall_mm,interval2_rainfall_mm,reservoir_rainfall_mm
2026/7/1 1:00,0,0,0.00
2026/7/1 2:00,0,0,0.00
2026/7/1 3:00,0,0.00,0.00
2026/7/1 4:00,0,0.00,0.00
2026/7/1 5:00,0,0.00,0.00
2026/7/1 6:00,0,0.00,0.00
2026/7/1 7:00,0,0.00,0.00
2026/7/1 8:00,0,0.00,0.00
2026/7/1 9:00,0,0.00,0.00
2026/7/1 10:00,0,0.00,0.00
2026/7/1 11:00,0,0.00,0.00
2026/7/1 12:00,0,0.00,0.00
2026/7/1 13:00,0,0.00,0.00
2026/7/1 14:00,0,0.00,0.00
2026/7/1 15:00,0,0.00,0.00
2026/7/1 16:00,0,0.00,0.00
2026/7/1 17:00,0,0.00,0.00
2026/7/1 18:00,0,0.00,0.00
2026/7/1 19:00,0,0.00,0.00
2026/7/1 20:00,0,0.00,0.00
2026/7/1 21:00,0,0.00,0.00
2026/7/1 22:00,0,0.00,0.00
2026/7/1 23:00,0,0.00,0.00
2026/7/2 0:00,0,0.00,0.00
2026/7/2 1:00,0,0.00,0.00
2026/7/2 2:00,0,0.00,0.00
2026/7/2 3:00,0,0.00,0.00
2026/7/2 4:00,0,0.00,0.00
2026/7/2 5:00,0,0.00,0.00
2026/7/2 6:00,0,0.00,0.00
2026/7/2 7:00,0,0.00,0.00
2026/7/2 8:00,0,0.00,0.00
2026/7/2 9:00,0,0.00,0.00
2026/7/2 10:00,0,0.00,0.00
2026/7/2 11:00,0,0.00,0.00
2026/7/2 12:00,0,0.00,0.00
2026/7/2 13:00,0,0.00,0.00
2026/7/2 14:00,0,0.00,0.00
2026/7/2 15:00,0,0.00,0.00
2026/7/2 16:00,0,0.00,0.00
2026/7/2 17:00,0,0.00,0.00
2026/7/2 18:00,0,0.00,0.00
2026/7/2 19:00,0,0.00,0.00
2026/7/2 20:00,0,0.00,0.00
2026/7/2 21:00,0,0.00,0.00
2026/7/2 22:00,0,0.00,0.00
2026/7/2 23:00,0,0.00,0.00
2026/7/3 0:00,0,0.00,0.00
2026/7/3 1:00,0,0.00,0.00
2026/7/3 2:00,0,0.00,0.00
2026/7/3 3:00,0,0.00,0.00
2026/7/3 4:00,0,0.00,0.00
2026/7/3 5:00,0,0.00,0.00
2026/7/3 6:00,0,0.00,0.00
2026/7/3 7:00,0,0.00,0.00
2026/7/3 8:00,0,0.00,0.00
2026/7/3 9:00,0,0.00,0.00
2026/7/3 10:00,0,0.00,0.00
2026/7/3 11:00,0,0.00,0.00
2026/7/3 12:00,0,0.00,0.00
2026/7/3 13:00,0,0.00,0.00
2026/7/3 14:00,0,0.00,0.00
2026/7/3 15:00,0,0.00,0.00
2026/7/3 16:00,0,0.00,0.00
2026/7/3 17:00,0,0.00,0.00
2026/7/3 18:00,0,0.00,0.00
2026/7/3 19:00,0,0.00,0.00
2026/7/3 20:00,0,0.00,0.00
2026/7/3 21:00,0,0.00,0.00
2026/7/3 22:00,0,0.00,0.00
2026/7/3 23:00,0,0.00,0.00
2026/7/4 0:00,0,0.00,0.00
2026/7/4 1:00,0,0.00,0.04070
2026/7/4 2:00,0.037,0.00,0.26840
2026/7/4 3:00,0.244,0.03145,1.36180
2026/7/4 4:00,1.238,0.20740,5.38450
2026/7/4 5:00,4.895,1.05230,16.58690
2026/7/4 6:00,15.079,4.16075,39.79470
2026/7/4 7:00,36.177,12.81715,74.36550
2026/7/4 8:00,67.605,30.75045,108.27080
2026/7/4 9:00,98.428,57.46425,122.91070
2026/7/4 10:00,111.737,83.66380,109.0980
2026/7/4 11:00,99.18,94.97645,76.50610
2026/7/4 12:00,69.551,84.3030,44.1760
2026/7/4 13:00,40.16,59.11835,24.38040
2026/7/4 14:00,22.164,34.1360,17.56590
2026/7/4 15:00,15.969,18.83940,18.11810
2026/7/4 16:00,16.471,13.57365,20.55790
2026/7/4 17:00,18.689,14.00035,21.66670
2026/7/4 18:00,19.697,15.88565,20.2950
2026/7/4 19:00,18.45,16.74245,16.75740
2026/7/4 20:00,15.234,15.6825,12.18140
2026/7/4 21:00,11.074,12.94890,7.79460
2026/7/4 22:00,7.086,9.41290,4.39120
2026/7/4 23:00,3.992,6.02310,2.17690
2026/7/5 0:00,1.979,3.39320,0.95040
2026/7/5 1:00,0.864,1.68215,0.00
2026/7/5 2:00,0,0.73440,0.00
2026/7/5 3:00,0,0.00,0.00
2026/7/5 4:00,0,0.00,0.00
2026/7/5 5:00,0,0.00,0.00
2026/7/5 6:00,0,0.00,0.00
2026/7/5 7:00,0,0.00,0.00
2026/7/5 8:00,0,0.00,0.00
2026/7/5 9:00,0,0.00,0.00
2026/7/5 10:00,0,0.00,0.00
2026/7/5 11:00,0,0.00,0.00
2026/7/5 12:00,0,0.00,0.00
2026/7/5 13:00,0,0.00,0.00
2026/7/5 14:00,0,0.00,0.00
2026/7/5 15:00,0,0.00,0.00
2026/7/5 16:00,0,0.00,0.00
2026/7/5 17:00,0,0.00,0.00
2026/7/5 18:00,0,0.00,0.00
2026/7/5 19:00,0,0.00,0.00
2026/7/5 20:00,0,0.00,0.00
2026/7/5 21:00,0,0.00,0.00
2026/7/5 22:00,0,0.00,0.00
2026/7/5 23:00,0,0.00,0.00
2026/7/6 0:00,0,0.00,0.00
